fec;pet;eur;oro;dol;c18;c36;ibe
141217;63.31;3550.34;1307.90;3015.41;55.160;60.276;10176.50
151217;63.23;3528.11;1308.10;2999.07;55.215;59.914;10150.40
161217;63.07;3525.21;1310.78;2996.61;55.224;59.555;10173.23
171217;63.17;3525.21;1314.86;2996.61;55.162;59.238;10213.11
181217;63.41;3539.30;1316.30;2996.61;55.000;59.000;10244.10
191217;63.80;3513.87;1315.50;2975.59;54.724;58.869;10234.30
201217;64.56;3531.09;1321.10;2972.05;54.367;58.828;10207.70
211217;64.90;3517.11;1322.00;2965.77;53.976;58.849;10304.60
221217;65.25;3506.80;1330.50;2963.58;53.598;58.905;10182.00
231217;65.91;3505.10;1303.26;2962.14;53.278;58.967;10091.28
241217;66.66;3505.10;1268.44;2962.14;53.063;59.008;10090.50
251217;67.14;3505.10;1277.90;2962.14;53.000;59.000;10133.39
261217;67.02;3514.28;1339.20;2962.14;53.118;58.923;10173.71
271217;66.44;3522.72;1343.00;2962.26;53.380;58.790;10165.20
281217;66.72;3547.23;1350.10;2971.63;53.734;58.622;10093.10
291217;66.87;3582.89;1362.60;2984.00;54.126;58.438;10043.90
301217;66.54;3582.89;1335.32;2984.00;54.504;58.259;10034.72
311217;66.09;3582.89;1299.65;2984.00;54.812;58.107;10049.59
10118;65.95;3582.89;1308.70;2984.00;55.000;58.000;10070.41
20118;66.57;3593.93;1370.50;2984.00;55.029;57.954;10079.10
30118;67.84;3535.60;1374.20;2940.94;54.928;57.955;10116.00
40118;68.07;3511.94;1377.40;2908.68;54.740;57.984;10314.40
50118;67.62;3473.01;1378.40;2885.76;54.509;58.022;10411.40
60118;67.23;3488.13;1379.97;2898.32;54.279;58.051;10420.96
70118;67.21;3488.13;1380.98;2898.32;54.095;58.050;10402.18
80118;67.78;3470.74;1376.80;2898.32;54.000;58.000;10398.40
90118;68.82;3457.41;1370.00;2898.32;54.025;57.889;10426.50
100118;69.20;3491.42;1377.00;2914.37;54.148;57.732;10428.30
110118;69.26;3487.86;1380.10;2895.69;54.333;57.550;10435.20
120118;69.87;3480.50;1394.40;2865.79;54.546;57.364;10462.40
130118;70.56;3468.44;1371.79;2855.86;54.752;57.196;10458.47
140118;70.83;3468.44;1337.40;2855.86;54.915;57.068;10445.03
150118;70.26;3504.71;1341.80;2855.86;55.000;57.000;10467.20
160118;69.15;3492.43;1396.80;2855.86;54.982;57.008;10520.40
170118;69.38;3510.76;1399.70;2868.03;54.878;57.085;10474.60
180118;69.31;3489.21;1387.40;2851.13;54.715;57.215;10432.70
190118;68.61;3467.48;1394.30;2836.85;54.518;57.386;10479.50
200118;68.24;3485.69;1398.59;2851.75;54.316;57.583;10522.62
210118;68.40;3485.69;1396.91;2851.75;54.134;57.792;10550.44
220118;69.03;3493.39;1394.00;2851.75;54.000;58.000;10584.00
230118;69.96;3508.38;1398.20;2854.20;53.932;58.194;10609.50
240118;70.53;3539.11;1419.10;2858.50;53.919;58.372;10563.00
250118;70.42;3526.23;1425.90;2820.53;53.942;58.533;10595.30
260118;70.52;3459.99;1416.00;2783.13;53.980;58.677;10595.40
270118;70.39;3487.33;1409.31;2805.12;54.016;58.803;10614.11
280118;69.98;3487.33;1406.82;2805.12;54.029;58.911;10623.23
290118;69.46;3465.73;1403.60;2805.12;54.000;59.000;10555.60
300118;69.02;3527.75;1398.50;2842.67;53.916;59.070;10428.20
310118;69.05;3542.66;1401.70;2844.14;53.786;59.119;10451.50
10218;69.65;3535.02;1406.70;2835.05;53.626;59.146;10399.00
20218;68.58;3490.37;1396.20;2806.67;53.452;59.149;10211.20
30218;67.87;3522.04;1391.44;2832.13;53.279;59.126;10176.66
40218;67.75;3522.04;1393.35;2832.13;53.123;59.077;10200.19
50218;67.62;3517.22;1394.50;2832.13;53.000;59.000;10064.50
60218;66.86;3509.86;1387.00;2843.60;52.921;58.894;9810.00
70218;65.51;3496.87;1372.30;2844.83;52.882;58.765;9976.90
80218;64.81;3469.54;1376.40;2830.89;52.875;58.619;9756.30
90218;62.79;3506.05;1372.30;2862.78;52.892;58.463;9639.60
100218;61.97;3562.28;1373.70;2908.70;52.923;58.304;9693.33
110218;62.28;3562.28;1380.10;2908.70;52.962;58.147;9780.13
120218;62.59;3570.43;1383.10;2908.70;53.000;58.000;9771.10
130218;62.72;3588.25;1387.00;2904.29;53.030;57.867;9650.70
140218;64.36;3603.29;1415.10;2904.71;53.050;57.743;9686.20
150218;64.33;3613.37;1413.70;2895.79;53.060;57.620;9714.90
160218;64.84;3549.56;1415.00;2851.74;53.061;57.492;9832.10
170218;65.47;3551.33;1387.06;2853.16;53.051;57.350;9845.38
180218;65.78;3551.33;1350.50;2853.16;53.031;57.189;9793.70
190218;65.67;3536.49;1347.80;2853.16;53.000;57.000;9806.20
200218;65.25;3520.80;1390.10;2853.16;52.960;56.781;9895.30
210218;65.42;3525.42;1392.30;2862.01;52.918;56.550;9823.30
220218;66.39;3545.33;1393.10;2877.94;52.884;56.330;9876.50
230218;67.31;3537.61;1390.70;2877.04;52.866;56.142;9822.40
240218;67.88;3503.86;1394.31;2849.59;52.873;56.009;9809.29
250218;67.98;3503.86;1399.26;2849.59;52.915;55.954;9855.07
260218;67.50;3501.01;1394.80;2849.59;53.000;56.000;9902.40
270218;66.63;3487.72;1381.30;2849.91;53.133;56.160;9900.20
280218;65.78;3482.81;1380.80;2855.93;53.301;56.412;9840.30
10318;63.83;3492.29;1367.60;2867.94;53.484;56.726;9738.60
20318;64.37;3543.82;1385.80;2879.05;53.663;57.073;9531.10
30318;65.01;3543.95;1389.94;2879.15;53.822;57.421;9467.62
40318;65.23;3543.95;1381.39;2879.15;53.940;57.740;9526.88
50318;65.54;3548.84;1382.10;2879.15;54.000;58.000;9590.80
60318;65.79;3544.99;1397.50;2859.09;53.988;58.178;9586.80
70318;64.34;3528.15;1389.50;2845.05;53.911;58.278;9599.30
80318;63.61;3524.14;1384.00;2858.88;53.783;58.310;9646.20
90318;65.49;3536.94;1386.90;2871.36;53.615;58.288;9686.10
100318;66.31;3531.48;1385.80;2866.93;53.420;58.221;9720.34
110318;65.79;3531.48;1382.62;2866.93;53.211;58.121;9739.48
120318;64.95;3531.20;1383.70;2866.93;53.000;58.000;9727.50
130318;64.64;3535.14;1390.30;2851.84;52.798;57.867;9691.70
140318;64.89;3520.03;1388.60;2848.38;52.611;57.726;9688.50
150318;65.12;3505.69;1380.60;2845.76;52.441;57.580;9684.20
160318;66.21;3499.56;1375.20;2850.04;52.292;57.432;9761.00
170318;66.43;3502.56;1377.38;2852.48;52.166;57.284;9762.08
180318;66.04;3502.56;1381.79;2852.48;52.068;57.139;9702.69
190318;66.05;3516.82;1380.60;2852.48;52.000;57.000;9664.10
200318;67.42;3499.99;1375.10;2852.48;51.964;56.868;9681.60
210318;69.47;3516.56;1385.50;2866.92;51.954;56.740;9630.90
220318;68.91;3508.34;1391.10;2850.69;51.961;56.612;9487.40
230318;70.45;3532.05;1413.90;2857.88;51.977;56.478;9393.10
240318;71.11;3521.09;1427.68;2849.01;51.995;56.334;9343.55
250318;70.61;3521.09;1427.80;2849.01;52.005;56.177;9335.97
260318;70.12;3544.45;1419.90;2849.01;52.000;56.000;9381.00
270318;70.11;3490.56;1406.70;2816.33;51.975;55.804;9473.60
280318;69.53;3433.35;1387.80;2780.04;51.939;55.599;9555.00
290318;70.27;3419.14;1384.90;2780.47;51.902;55.402;9600.40
300318;70.17;3419.14;1392.12;2780.47;51.879;55.229;9636.83
310318;69.15;3419.14;1401.71;2780.47;51.879;55.093;9662.42
10418;68.03;3419.14;1407.84;2780.47;51.916;55.012;9664.70
20418;67.64;3422.20;1404.70;2780.47;52.000;55.000;9631.25
30418;68.12;3427.80;1395.40;2792.96;52.139;55.067;9549.60
40418;68.02;3416.72;1398.60;2778.27;52.315;55.196;9513.30
50418;68.33;3413.25;1387.00;2791.57;52.508;55.365;9740.90
60418;67.11;3417.30;1394.80;2787.36;52.695;55.552;9682.80
70418;66.41;3422.84;1400.71;2791.88;52.854;55.735;9639.04
80418;66.93;3422.84;1400.17;2791.88;52.963;55.892;9681.06
90418;68.65;3436.80;1398.50;2791.88;53.000;56.000;9742.80
100418;71.04;3435.43;1404.40;2781.95;52.951;56.041;9763.50
110418;72.06;3427.39;1418.90;2767.82;52.832;56.015;9735.80
120418;72.02;3366.26;1400.30;2733.24;52.666;55.925;9747.00
130418;72.58;3340.38;1406.60;2710.03;52.477;55.775;9767.30
140418;72.60;3334.60;1413.48;2705.34;52.287;55.568;9767.31
150418;72.06;3334.60;1412.92;2705.34;52.120;55.309;9759.79
160418;71.42;3345.15;1409.30;2705.34;52.000;55.000;9766.10
170418;71.58;3365.28;1408.00;2726.47;51.943;54.649;9803.90
180418;73.48;3373.28;1412.20;2725.66;51.936;54.278;9857.30
190418;73.78;3344.98;1407.50;2705.64;51.961;53.911;9868.00
200418;74.06;3344.83;1396.90;2724.47;51.999;53.575;9884.20
210418;74.61;3385.95;1385.80;2757.96;52.031;53.294;9910.04
220418;74.98;3385.95;1379.32;2757.96;52.038;53.094;9928.44
230418;74.71;3369.95;1382.70;2757.96;52.000;53.000;9922.00
240418;73.86;3418.97;1391.80;2799.45;51.905;53.027;9883.40
250418;74.00;3389.89;1381.60;2785.22;51.765;53.151;9858.00
260418;74.74;3415.94;1376.70;2820.29;51.597;53.337;9902.30
270418;74.64;3403.52;1382.30;2812.83;51.418;53.549;9925.40
280418;75.23;3395.60;1386.85;2806.28;51.248;53.754;9927.71
290418;75.88;3395.60;1385.99;2806.28;51.102;53.916;9937.38
300418;75.17;3390.27;1377.80;2806.28;51.000;54.000;9980.60
10518;73.13;3368.53;1365.10;2809.92;50.953;53.982;10060.63
20518;73.36;3359.26;1364.00;2809.92;50.949;53.879;10088.90
30518;73.62;3384.51;1371.10;2831.99;50.973;53.716;10038.80
40518;74.87;3409.13;1373.40;2857.85;51.006;53.520;10104.10
50518;76.30;3391.90;1373.35;2843.41;51.033;53.318;10146.07
60518;76.98;3391.90;1372.95;2843.41;51.037;53.136;10145.04
70518;76.17;3387.35;1372.90;2843.41;51.000;53.000;10140.90
80518;74.85;3339.51;1372.50;2817.20;50.911;52.930;10168.10
90518;77.21;3397.36;1371.70;2866.00;50.780;52.914;10221.20
100518;77.47;3396.53;1380.80;2859.51;50.620;52.935;10246.60
110518;77.12;3370.76;1379.10;2822.37;50.448;52.972;10271.40
120518;77.34;3372.76;1384.14;2824.05;50.277;53.008;10280.98
130518;77.86;3372.76;1388.95;2824.05;50.123;53.023;10274.10
140518;78.23;3379.54;1376.60;2824.05;50.000;53.000;10257.80
150518;78.43;3349.61;1348.50;2824.05;49.919;52.925;10207.60
160518;79.28;3405.71;1350.10;2889.87;49.877;52.805;10111.00
170518;79.30;3378.56;1347.90;2865.37;49.866;52.654;10216.40
180518;78.51;3396.80;1349.20;2886.23;49.881;52.485;10112.40
190518;78.32;3443.22;1349.53;2925.67;49.912;52.311;10010.38
200518;78.71;3443.22;1348.52;2925.67;49.954;52.145;9996.93
210518;79.22;3437.37;1349.00;2925.67;50.000;52.000;10066.50
220518;79.57;3410.78;1350.00;2897.37;50.042;51.888;10138.80
230518;79.80;3337.02;1347.40;2851.42;50.077;51.811;10025.00
240518;78.79;3356.58;1362.40;2863.24;50.101;51.771;9996.00
250518;76.44;3336.39;1361.40;2863.12;50.108;51.769;9826.50
260518;75.32;3364.41;1332.44;2887.16;50.097;51.806;9803.09
270518;75.28;3364.41;1298.30;2887.16;50.062;51.882;9854.40
280518;75.30;3354.88;1297.60;2887.16;50.000;52.000;9764.40
290518;75.39;3338.42;1354.60;2887.16;49.908;52.157;9521.30
300518;77.50;3360.01;1357.60;2893.82;49.791;52.339;9566.20
310518;77.59;3360.74;1355.90;2879.32;49.653;52.527;9465.50
10618;76.79;3369.52;1350.90;2889.32;49.499;52.705;9632.40
20618;75.99;3344.92;1346.77;2868.22;49.336;52.855;9778.77
30618;75.43;3344.92;1346.21;2868.22;49.168;52.959;9808.90
40618;75.29;3354.38;1349.40;2868.22;49.000;53.000;9750.30
50618;75.38;3346.64;1354.10;2868.22;48.838;52.965;9686.40
60618;75.36;3375.41;1353.50;2865.37;48.681;52.867;9791.60
70618;77.32;3344.32;1354.40;2828.42;48.531;52.721;9829.00
80618;76.46;3336.30;1354.40;2835.78;48.388;52.544;9746.30
90618;76.06;3359.85;1355.38;2855.80;48.251;52.354;9745.52
100618;76.46;3359.85;1356.47;2855.80;48.122;52.167;9820.85
110618;76.46;3371.27;1355.50;2855.80;48.000;52.000;9898.30
120618;75.88;3365.56;1351.80;2855.80;47.887;51.868;9914.40
130618;76.74;3363.39;1353.50;2857.11;47.793;51.775;9899.10
140618;75.94;3330.65;1360.60;2859.17;47.730;51.724;9957.70
150618;73.44;3321.92;1329.30;2859.78;47.707;51.719;9851.00
160618;73.09;3357.09;1315.47;2890.06;47.737;51.761;9781.00
170618;74.36;3357.09;1322.35;2890.06;47.831;51.854;9773.71
180618;75.34;3355.94;1331.10;2890.06;48.000;52.000;9769.40
190618;75.08;3375.40;1329.20;2919.14;48.249;52.197;9755.40
200618;74.74;3394.12;1325.30;2931.78;48.556;52.422;9788.90
210618;73.05;3384.88;1321.00;2916.49;48.895;52.648;9702.10
220618;75.55;3426.89;1321.30;2944.82;49.236;52.846;9792.10
230618;76.30;3395.93;1323.65;2918.22;49.552;52.989;9791.49
240618;75.20;3395.93;1324.15;2918.22;49.816;53.050;9694.90
250618;74.73;3409.94;1319.20;2918.22;50.000;53.000;9617.90
260618;76.31;3414.83;1309.60;2927.67;50.082;52.823;9637.40
270618;77.62;3390.20;1305.70;2924.10;50.069;52.545;9658.60
280618;77.85;3397.75;1300.20;2934.91;49.972;52.206;9589.00
290618;79.44;3438.10;1303.90;2945.09;49.805;51.844;9622.70
300618;79.46;3421.42;1294.73;2930.80;49.579;51.497;9605.65
10718;78.21;3421.42;1282.85;2930.80;49.306;51.203;9553.65
20718;77.30;3401.19;1289.90;2930.80;49.000;51.000;9558.30
30718;77.76;3413.80;1302.40;2930.80;48.673;50.917;9660.90
40718;78.24;3387.92;1258.10;2909.83;48.337;50.944;9757.50
50718;77.39;3405.08;1307.60;2909.83;48.006;51.060;9866.20
60718;77.11;3392.23;1304.80;2885.53;47.694;51.244;9905.00
70718;76.76;3371.55;1297.51;2867.94;47.413;51.476;9915.99
80718;76.76;3371.55;1302.86;2867.94;47.178;51.734;9921.52
90718;78.07;3372.12;1309.00;2867.94;47.000;52.000;9927.00
100718;78.86;3376.35;1305.10;2881.09;46.889;52.254;9889.30
110718;73.40;3366.71;1293.30;2872.62;46.837;52.485;9733.60
120718;74.45;3364.82;1295.40;2880.10;46.830;52.685;9767.40
130718;75.33;3362.16;1289.70;2882.02;46.856;52.845;9734.80
140718;74.39;3338.46;1289.72;2861.70;46.902;52.957;9708.94
150718;72.85;3338.46;1292.74;2861.70;46.954;53.011;9712.20
160718;71.84;3349.91;1288.20;2861.70;47.000;53.000;9716.90
170718;72.16;3351.52;1275.30;2868.96;47.030;52.919;9719.40
180718;72.90;3350.61;1275.70;2878.28;47.044;52.784;9753.20
190718;72.58;3340.40;1271.10;2876.93;47.046;52.615;9721.10
200718;73.07;3375.79;1277.50;2883.81;47.039;52.432;9724.80
210718;73.26;3375.79;1279.74;2883.81;47.026;52.255;9713.22
220718;73.10;3375.79;1276.05;2883.81;47.012;52.104;9698.70
230718;73.06;3374.92;1271.40;2883.81;47.000;52.000;9726.10
240718;73.44;3391.50;1271.50;2897.73;46.992;51.956;9773.10
250718;73.93;3382.97;1277.40;2898.36;46.988;51.959;9703.10
260718;74.54;3360.81;1271.80;2882.84;46.987;51.990;9780.00
270718;74.29;3362.72;1269.30;2886.21;46.989;52.029;9867.90
280718;74.35;3356.41;1267.86;2880.79;46.992;52.057;9883.89
290718;74.74;3356.41;1266.87;2880.79;46.996;52.054;9862.05
300718;74.97;3373.41;1268.00;2880.79;47.000;52.000;9854.10
310718;74.25;3364.30;1270.10;2875.72;47.003;51.883;9870.70
10818;72.39;3369.18;1264.30;2886.80;47.004;51.720;9799.30
20818;73.45;3358.62;1256.50;2892.62;47.005;51.532;9698.20
30818;73.21;3366.49;1259.70;2904.90;47.005;51.344;9739.80
40818;72.68;3359.64;1260.29;2898.99;47.004;51.177;9747.06
50818;72.76;3359.64;1257.06;2898.99;47.002;51.054;9717.74
60818;73.75;3350.36;1254.10;2898.99;47.000;51.000;9722.70
70818;74.65;3360.07;1254.70;2898.86;46.998;51.029;9772.80
80818;72.28;3363.26;1257.30;2898.86;46.995;51.129;9747.10
90818;72.07;3365.89;1256.30;2908.90;46.993;51.280;9754.60
100818;72.81;3337.21;1255.10;2919.44;46.992;51.463;9602.10
110818;72.93;3361.80;1247.28;2940.95;46.993;51.657;9508.65
120818;72.68;3361.80;1237.57;2940.95;46.995;51.842;9503.99
130818;72.61;3357.09;1234.60;2940.95;47.000;52.000;9530.40
140818;72.46;3393.03;1236.40;2983.93;47.007;52.114;9507.00
150818;70.76;3396.31;1220.20;3002.66;47.016;52.184;9386.80
160818;71.43;3470.26;1219.20;3046.76;47.023;52.213;9427.40
170818;71.83;3444.70;1219.30;3019.55;47.027;52.206;9417.30
180818;72.03;3449.80;1220.98;3024.02;47.026;52.165;9400.32
190818;72.21;3449.80;1224.92;3024.02;47.017;52.095;9414.76
200818;72.21;3456.76;1229.60;3024.02;47.000;52.000;9468.60
210818;72.63;3483.07;1234.90;3024.02;46.973;51.883;9549.00
220818;74.78;3468.41;1238.20;2990.78;46.943;51.749;9580.20
230818;74.73;3432.21;1228.40;2965.45;46.916;51.603;9567.30
240818;75.82;3465.29;1248.20;2980.64;46.901;51.450;9589.50
250818;76.63;3439.49;1259.44;2958.45;46.905;51.295;9634.57
260818;76.66;3439.49;1256.93;2958.45;46.935;51.143;9668.70
270818;76.21;3452.22;1251.20;2958.45;47.000;51.000;9659.80
280818;75.95;3436.66;1249.60;2934.31;47.103;50.871;9606.50
290818;77.14;3467.85;1246.50;2966.00;47.237;50.766;9569.50
300818;77.77;3496.30;1239.50;2999.57;47.392;50.697;9467.60
310818;77.42;3522.07;1241.10;3027.39;47.556;50.674;9399.10
10918;77.39;3552.02;1225.23;3053.14;47.719;50.710;9369.65
20918;77.74;3552.02;1204.90;3053.14;47.871;50.815;9364.91
30918;78.15;3549.28;1206.30;3053.14;48.000;51.000;9376.10
40918;78.17;3527.60;1233.60;3053.14;48.098;51.270;9376.30
50918;77.27;3590.04;1236.00;3088.47;48.164;51.598;9301.30
60918;76.50;3605.73;1239.10;3100.37;48.197;51.954;9208.70
70918;76.83;3578.22;1235.50;3089.47;48.197;52.305;9171.20
80918;76.82;3555.85;1233.22;3070.15;48.164;52.617;9189.55
90918;76.72;3555.85;1233.83;3070.15;48.098;52.860;9233.86
100918;77.37;3562.30;1235.00;3070.15;48.000;53.000;9270.80
110918;79.06;3555.70;1237.60;3069.49;47.871;53.016;9284.10
120918;79.74;3589.18;1246.60;3087.73;47.719;52.928;9306.80
130918;78.18;3566.11;1243.80;3055.01;47.556;52.766;9329.20
140918;78.09;3522.11;1236.60;3019.38;47.392;52.562;9365.30
150918;78.01;3522.11;1236.40;3026.05;47.237;52.346;9380.17
160918;77.78;3530.10;1240.14;3026.05;47.103;52.148;9384.30
170918;78.05;3527.50;1241.20;3026.05;47.000;52.000;9404.60
180918;79.03;3517.00;1238.30;3013.38;46.936;51.923;9447.50
190918;79.40;3537.50;1244.10;3007.03;46.905;51.906;9486.30
200918;78.70;3539.00;1247.00;3018.63;46.901;51.928;9583.70
210918;78.80;3524.00;1236.90;3014.18;46.916;51.969;9590.40
220918;79.40;3524.00;1232.78;3006.96;46.943;52.009;9567.08
230918;80.23;3534.40;1235.69;3006.96;46.973;52.026;9541.47
240918;81.20;3527.50;1240.00;3006.96;47.000;52.000;9512.80
250918;81.87;3534.50;1240.80;2991.90;47.017;51.917;9493.60
260918;81.34;3521.50;1234.40;3001.88;47.025;51.788;9524.80
270918;81.72;3477.00;1222.40;3000.14;47.026;51.628;9527.50
280918;82.72;3439.50;1231.30;2989.58;47.022;51.453;9389.20
290918;83.93;3439.50;1230.85;2972.18;47.015;51.279;9365.21
300918;84.87;3458.00;1223.96;2972.18;47.007;51.123;9418.43
11018;84.98;3473.00;1227.00;2972.18;47.000;51.000;9407.00
21018;84.80;3485.50;1242.70;2993.74;46.996;50.923;9305.50
31018;86.29;3462.00;1238.70;3005.50;46.995;50.886;9361.10
41018;84.58;3494.50;1237.50;3012.65;46.995;50.881;9314.50
51018;84.16;3495.00;1242.20;3028.16;46.997;50.899;9253.90
61018;83.78;3495.00;1237.89;3031.31;46.998;50.931;9198.78
71018;83.40;3487.50;1228.80;3031.31;47.000;50.967;9169.02
81018;83.91;3501.00;1224.90;3031.31;47.000;51.000;9199.20
91018;85.00;3516.50;1227.80;3031.31;46.999;51.021;9260.50
101018;83.09;3564.50;1229.40;3057.55;46.996;51.032;9162.90
111018;80.26;3583.00;1264.00;3090.30;46.994;51.034;9007.90
121018;80.43;3581.00;1258.10;3087.34;46.992;51.029;8902.00
131018;80.63;3581.00;1253.47;3088.78;46.992;51.021;8832.61
141018;80.47;3577.90;1259.63;3088.78;46.994;51.010;8825.51
151018;80.78;3583.50;1266.90;3088.78;47.000;51.000;8923.70
161018;81.41;3532.50;1267.30;3088.78;47.010;50.992;9074.70
171018;80.05;3527.50;1263.40;3055.93;47.021;50.986;8997.20
181018;79.29;3541.50;1266.60;3056.37;47.030;50.983;8889.60
191018;79.78;3545.00;1265.30;3088.47;47.036;50.983;8892.10
201018;80.92;3545.00;1259.42;3079.88;47.035;50.986;8893.50
211018;81.43;3544.10;1255.68;3079.88;47.024;50.991;8863.23
221018;79.83;3538.50;1261.30;3079.88;47.000;51.000;8806.50
231018;76.44;3580.00;1273.50;3087.58;46.963;51.011;8726.10
241018;76.17;3606.50;1267.60;3110.20;46.921;51.023;8677.40
251018;76.89;3607.00;1269.00;3149.70;46.885;51.032;8785.20
261018;77.62;3628.00;1272.30;3167.18;46.864;51.038;8730.40
271018;78.19;3628.00;1270.20;3185.26;46.870;51.036;8727.49
281018;78.24;3597.80;1265.68;3185.26;46.911;51.024;8787.82
291018;77.34;3624.50;1263.70;3185.26;47.000;51.000;8821.20
301018;75.91;3638.50;1261.50;3188.69;47.141;50.964;8806.10
311018;75.47;3641.50;1250.80;3202.44;47.317;50.922;8893.50
11118;72.89;3644.00;1274.80;3219.85;47.509;50.887;8954.80
21118;72.83;3628.00;1269.90;3193.80;47.694;50.867;8993.00
31118;73.50;3628.00;1266.04;3177.57;47.851;50.872;9028.85
41118;73.73;3655.90;1268.99;3177.57;47.961;50.913;9043.57
51118;73.17;3630.00;1269.00;3177.57;48.000;51.000;9010.70
61118;72.13;3596.50;1263.00;3177.57;47.956;51.138;8988.90
71118;72.07;3575.00;1265.40;3154.55;47.842;51.311;9167.90
81118;70.65;3583.00;1262.00;3140.25;47.682;51.500;9177.00
91118;70.18;3605.00;1245.00;3145.39;47.495;51.683;9134.80
101118;71.40;3605.00;1237.54;3176.89;47.305;51.841;9083.49
111118;72.24;3579.90;1238.80;3176.89;47.133;51.954;9050.28
121118;70.12;3565.50;1239.60;3176.89;47.000;52.000;9076.30
131118;65.47;3600.00;1237.50;3176.89;46.923;51.967;9145.40
141118;66.12;3624.00;1246.20;3197.20;46.894;51.866;9106.60
151118;66.62;3613.50;1251.70;3194.70;46.899;51.716;9073.50
161118;66.76;3618.00;1259.00;3198.29;46.926;51.536;9056.80
171118;68.02;3618.00;1265.06;3173.59;46.961;51.344;9081.88
181118;68.82;3614.20;1266.64;3173.59;46.990;51.159;9092.57
191118;66.79;3637.50;1261.60;3173.59;47.000;51.000;9006.30
201118;62.53;3636.00;1257.50;3178.81;46.982;50.882;8866.50
211118;63.48;3635.00;1264.70;3189.51;46.947;50.806;8960.60
221118;62.60;3640.50;1228.00;3196.26;46.907;50.771;8906.20
231118;58.80;3661.00;1260.00;3196.26;46.878;50.775;8916.70
241118;57.71;3661.00;1281.86;3223.95;46.875;50.816;8984.40
251118;59.01;3619.20;1276.27;3223.95;46.910;50.891;9054.63
261118;60.48;3675.50;1259.70;3223.95;47.000;51.000;9091.20
271118;60.21;3684.00;1250.40;3240.65;47.151;51.138;9085.60
281118;58.76;3718.00;1260.20;3250.56;47.343;51.297;9102.70
291118;59.51;3690.50;1260.80;3274.47;47.551;51.464;9098.90
301118;58.71;3660.00;1256.50;3240.02;47.747;51.630;9077.20
11218;58.97;3660.00;1256.63;3235.27;47.905;51.781;9130.69
21218;60.37;3683.20;1261.68;3235.27;47.998;51.909;9199.90
31218;61.69;3621.00;1270.20;3235.27;48.000;52.000;9179.60
41218;62.08;3603.50;1277.40;3196.15;47.895;52.048;9061.70
51218;61.56;3584.50;1273.40;3174.11;47.712;52.061;9012.20
61218;60.06;3624.50;1274.30;3162.29;47.490;52.050;8764.50
71218;61.67;3582.50;1283.60;3187.86;47.269;52.027;8815.50
81218;61.96;3582.50;1287.15;3153.29;47.087;52.003;8809.18
91218;60.82;3625.90;1284.55;3153.29;46.984;51.990;8713.13
101218;59.97;3624.00;1280.00;3153.29;47.000;52.000;8660.00
111218;60.20;3606.00;1278.10;3176.12;47.160;52.042;8735.50
121218;60.15;3603.00;1281.00;3184.70;47.435;52.117;8853.40
131218;61.45;3613.50;1278.40;3169.36;47.780;52.227;8926.30
141218;60.28;3613.50;1272.20;3178.40;48.153;52.370;8886.10
151218;60.42;3613.50;1272.38;3196.30;48.509;52.547;8879.10
161218;61.09;3588.10;1277.46;3196.30;48.806;52.757;8882.39
171218;59.61;3608.50;1282.60;3196.30;49.000;53.000;8812.50
181218;56.26;3643.00;1284.00;3188.66;49.059;53.272;8700.80
191218;57.24;3662.00;1286.80;3198.45;49.001;53.548;8769.10
201218;54.35;3743.00;1298.60;3216.55;48.856;53.801;8596.50
211218;53.82;3746.50;1288.60;3246.86;48.654;54.001;8556.80
221218;52.47;3746.50;1297.37;3285.34;48.424;54.120;8559.25
231218;50.60;3727.00;1312.71;3285.34;48.196;54.129;8536.73
241218;50.47;3756.00;1302.40;3285.34;48.000;54.000;8480.60
251218;53.10;3743.50;1270.75;3285.51;47.860;53.719;8394.82
261218;54.47;3729.50;1303.70;3285.51;47.776;53.334;8333.65
271218;52.16;3744.50;1311.90;3289.69;47.743;52.906;8363.90
281218;52.20;3716.00;1313.70;3275.01;47.754;52.496;8493.70
291218;52.89;3716.00;1324.22;3249.75;47.805;52.168;8554.17
301218;53.39;3761.50;1329.83;3249.75;47.888;51.982;8549.05
311218;53.80;3725.00;1312.50;3249.75;48.000;52.000;8539.90
10119;54.24;3722.50;1283.35;3249.75;48.133;52.261;8562.57
20119;54.91;3674.00;1315.30;3249.75;48.282;52.710;8550.00
30119;55.95;3696.50;1326.10;3250.01;48.438;53.267;8523.30
40119;57.06;3638.50;1317.40;3241.20;48.595;53.854;8737.80
50119;57.34;3638.50;1316.26;3208.56;48.746;54.391;8825.56
60119;57.18;3643.50;1320.68;3208.56;48.883;54.799;8788.49
70119;57.33;3651.50;1321.50;3208.56;49.000;55.000;8776.30
80119;58.72;3605.50;1317.40;3208.56;49.090;54.941;8847.30
90119;61.44;3619.50;1323.50;3164.75;49.152;54.674;8823.60
100119;61.68;3608.50;1319.20;3128.07;49.184;54.280;8856.80
110119;60.48;3600.00;1321.30;3136.49;49.186;53.836;8877.10
120119;59.19;3600.00;1324.88;3151.49;49.156;53.422;8860.92
130119;58.49;3597.50;1325.96;3151.49;49.095;53.117;8832.34
140119;58.99;3603.00;1323.30;3151.49;49.000;53.000;8818.60
150119;60.64;3585.00;1319.70;3143.22;48.873;53.127;8850.10
160119;61.32;3554.00;1325.10;3137.66;48.723;53.458;8912.70
170119;61.18;3569.00;1323.60;3124.96;48.561;53.932;8908.60
180119;62.70;3550.00;1313.80;3140.19;48.396;54.485;9069.10
190119;63.72;3550.00;1298.72;3120.56;48.241;55.056;9148.75
200119;63.66;3550.50;1282.05;3120.56;48.105;55.582;9119.81
210119;62.74;3553.50;1279.05;3120.56;48.000;56.000;9053.80
220119;61.50;3573.50;1314.20;3120.56;47.933;56.264;9037.50
230119;61.14;3587.00;1315.20;3136.59;47.900;56.388;9128.80
240119;61.09;3585.00;1310.80;3146.14;47.894;56.404;9150.00
250119;61.64;3595.50;1329.10;3160.52;47.908;56.343;9185.20
260119;61.05;3595.50;1337.34;3150.58;47.935;56.234;9147.80
270119;59.99;3597.00;1335.15;3150.58;47.968;56.110;9076.58
280119;59.93;3608.50;1334.50;3150.58;48.000;56.000;9062.40
290119;61.32;3605.50;1340.20;3167.86;48.025;55.929;9119.10
300119;61.65;3631.00;1340.50;3157.52;48.042;55.896;9071.50
310119;61.89;3554.50;1350.00;3163.46;48.051;55.892;9056.70
10219;62.75;3540.00;1347.10;3115.70;48.051;55.908;9019.40
20219;63.25;3540.00;1343.44;3102.61;48.043;55.937;8962.31
30219;63.15;3539.50;1342.96;3102.61;48.026;55.971;8931.57
40219;62.51;3532.00;1344.30;3102.61;48.000;56.000;8975.20
50219;61.98;3550.00;1344.60;3089.40;47.966;56.019;9092.00
60219;62.69;3529.00;1339.70;3094.05;47.931;56.028;9100.90
70219;61.63;3537.50;1339.40;3108.54;47.903;56.029;8938.30
80219;62.10;3530.50;1343.70;3110.46;47.887;56.024;8856.80
90219;62.12;3530.50;1343.22;3115.94;47.894;56.017;8851.04
100219;61.61;3528.50;1339.41;3115.94;47.929;56.008;8884.57
110219;61.51;3539.50;1337.00;3115.94;48.000;56.000;8936.40
120219;62.42;3540.50;1338.90;3132.61;48.112;55.995;8983.10
130219;63.61;3537.50;1340.10;3131.10;48.255;55.993;8982.40
140219;64.57;3559.50;1338.70;3135.56;48.418;55.993;8952.50
150219;66.25;3539.50;1346.80;3155.27;48.586;55.994;9123.20
160219;67.04;3539.50;1338.80;3141.40;48.747;55.996;9219.55
170219;66.92;3540.00;1324.25;3141.40;48.890;55.998;9207.02
180219;66.50;3544.50;1329.55;3141.40;49.000;56.000;9155.50
190219;66.45;3534.00;1369.60;3141.40;49.069;56.001;9136.40
200219;67.08;3527.00;1372.50;3118.36;49.102;56.001;9181.10
210219;67.07;3541.50;1352.40;3112.18;49.107;56.000;9191.20
220219;67.12;3526.00;1357.60;3119.42;49.091;56.000;9204.60
230219;66.45;3526.00;1360.80;3110.29;49.062;55.999;9202.28
240219;65.41;3525.50;1357.35;3110.29;49.029;55.999;9193.94
250219;64.76;3527.00;1354.20;3110.29;49.000;56.000;9204.30
260219;65.21;3514.00;1353.40;3101.41;48.981;56.002;9227.20
270219;66.39;3491.00;1346.00;3095.29;48.971;56.004;9211.70
280219;66.03;3504.00;1341.00;3072.01;48.969;56.006;9277.70
10319;65.07;3522.50;1323.80;3077.35;48.973;56.007;9267.70
20319;64.84;3522.50;1314.17;3091.49;48.981;56.007;9255.98
30319;65.21;3522.50;1312.73;3091.49;48.991;56.005;9260.16
40319;65.67;3510.50;1311.90;3091.49;49.000;56.000;9259.80
50319;65.86;3505.00;1309.10;3093.79;49.008;55.992;9258.20
60319;65.99;3512.00;1312.20;3099.12;49.013;55.984;9296.70
70319;66.30;3518.00;1310.70;3106.16;49.016;55.976;9249.90
80319;65.74;3567.50;1324.30;3120.04;49.017;55.971;9129.30
90319;65.74;3567.50;1327.51;3162.40;49.014;55.973;9099.97
100319;66.24;3565.00;1320.84;3162.40;49.009;55.981;9140.47
110319;66.58;3575.50;1315.70;3162.40;49.000;56.000;9171.90
120319;66.67;3554.00;1322.40;3168.35;48.988;56.029;9161.70
130319;67.55;3563.00;1333.80;3153.20;48.976;56.062;9192.70
140319;67.23;3551.50;1319.40;3145.53;48.966;56.091;9209.80
150319;67.16;3535.00;1327.10;3144.42;48.960;56.107;9342.20
160319;67.36;3535.00;1330.35;3123.28;48.962;56.103;9391.24
170319;67.54;3534.00;1326.39;3123.28;48.975;56.070;9377.69
180319;67.54;3514.00;1325.80;3123.28;49.000;56.000;9409.10
190319;67.61;3516.50;1330.90;3102.25;49.039;55.889;9492.30
200319;68.50;3524.50;1325.80;3095.39;49.083;55.745;9405.60
210319;67.86;3513.50;1331.60;3092.39;49.121;55.583;9355.60
220319;67.03;3543.00;1336.50;3082.45;49.143;55.414;9199.40
230319;66.61;3543.00;1342.79;3126.19;49.137;55.252;9130.83
240319;66.65;3537.50;1348.04;3126.19;49.093;55.110;9151.92
250319;67.21;3543.00;1346.70;3126.19;49.000;55.000;9179.90
260319;67.97;3555.50;1339.20;3126.19;48.853;54.932;9183.10
270319;67.83;3572.00;1334.70;3145.55;48.669;54.902;9229.90
280319;67.82;3566.00;1313.30;3186.43;48.472;54.899;9174.70
290319;68.39;3576.50;1316.50;3190.94;48.283;54.917;9240.30
300319;68.71;3576.50;1318.96;3174.79;48.126;54.945;9308.60
310319;68.82;3578.00;1315.48;3174.79;48.024;54.976;9338.35
10419;69.01;3523.50;1312.40;3174.79;48.000;55.000;9341.70
20419;69.37;3525.00;1313.40;3146.81;48.068;55.012;9363.50
30419;69.31;3509.00;1313.30;3143.36;48.207;55.012;9487.80
40419;69.40;3512.00;1312.20;3128.47;48.391;55.007;9534.10
50419;70.34;3504.50;1313.70;3132.78;48.591;54.998;9510.30
60419;71.19;3504.50;1315.35;3126.20;48.778;54.992;9484.41
70419;71.51;3505.50;1317.08;3126.20;48.923;54.991;9463.18
80419;71.10;3508.00;1319.90;3126.20;49.000;55.000;9437.70
90419;70.61;3495.00;1326.30;3115.22;48.987;55.021;9407.80
100419;71.73;3490.00;1331.90;3105.20;48.897;55.048;9406.50
110419;70.83;3511.50;1311.30;3095.66;48.750;55.074;9445.40
120419;71.55;3521.50;1313.40;3113.91;48.567;55.090;9468.50
130419;71.75;3521.50;1319.43;3109.32;48.367;55.088;9485.65
140419;71.30;3521.00;1318.77;3109.32;48.171;55.061;9497.67
150419;71.18;3551.00;1309.40;3109.32;48.000;55.000;9497.10
160419;71.72;3569.00;1295.20;3136.69;47.870;54.901;9497.30
170419;71.62;3567.50;1294.70;3160.87;47.784;54.771;9549.80
180419;71.97;3539.00;1294.10;3160.48;47.742;54.619;9581.90
190419;72.48;3544.50;1277.90;3160.48;47.743;54.456;9605.97
200419;72.97;3544.50;1277.69;3160.48;47.787;54.292;9623.10
210419;73.49;3543.00;1289.31;3160.48;47.873;54.137;9622.74
220419;74.04;3554.00;1295.80;3160.48;48.000;54.000;9594.30
230419;74.51;3571.50;1291.20;3149.99;48.165;53.891;9527.20
240419;74.57;3594.00;1297.40;3177.94;48.354;53.813;9456.40
250419;74.35;3600.50;1297.70;3213.23;48.547;53.770;9501.20
260419;72.15;3600.00;1306.80;3237.98;48.726;53.764;9506.00
270419;70.95;3600.00;1307.99;3227.79;48.873;53.799;9487.32
280419;71.14;3600.50;1302.48;3227.79;48.971;53.876;9482.68
290419;72.04;3635.50;1299.40;3227.79;49.000;54.000;9517.20
300419;72.80;3626.50;1303.60;3247.72;48.949;54.168;9570.60
10519;72.18;3619.00;1302.20;3233.97;48.833;54.364;9508.08
20519;70.75;3641.50;1289.90;3233.97;48.672;54.565;9418.20
30519;70.85;3626.50;1299.20;3262.17;48.488;54.751;9409.60
40519;71.55;3626.50;1304.62;3240.44;48.300;54.900;9419.07
50519;71.91;3621.50;1302.95;3240.44;48.131;54.990;9402.19
60519;71.24;3645.50;1301.80;3240.44;48.000;55.000;9331.00
70519;69.88;3694.00;1303.60;3254.03;47.923;54.917;9235.10
80519;70.37;3686.00;1299.50;3288.81;47.894;54.763;9227.00
90519;70.39;3675.50;1303.20;3290.12;47.898;54.569;9095.20
100519;70.62;3678.00;1305.30;3293.62;47.924;54.365;9117.50
110519;70.39;3678.00;1311.55;3274.30;47.958;54.181;9102.85
120519;70.00;3678.00;1318.72;3274.30;47.988;54.050;9048.45
130519;70.23;3709.50;1319.50;3274.30;48.000;54.000;9046.80
140519;71.24;3690.50;1313.60;3299.01;47.986;54.053;9127.60
150519;71.77;3679.50;1315.10;3285.14;47.956;54.188;9177.10
160519;72.62;3687.00;1303.50;3295.51;47.921;54.373;9304.30
170519;72.21;3707.00;1293.00;3290.27;47.895;54.578;9280.10
180519;71.79;3707.00;1291.25;3313.72;47.891;54.771;9223.68
190519;71.75;3707.50;1293.86;3313.72;47.921;54.922;9193.69
200519;71.97;3745.50;1294.60;3313.72;48.000;55.000;9199.70
210519;72.18;3729.00;1290.40;3342.21;48.134;54.982;9239.10
220519;70.99;3720.50;1291.40;3344.45;48.307;54.883;9232.20
230519;67.76;3777.00;1302.70;3340.96;48.497;54.727;9114.00
240519;68.69;3764.00;1301.00;3368.76;48.683;54.537;9174.60
250519;69.85;3764.00;1291.82;3358.84;48.844;54.337;9223.48
260519;70.14;3764.50;1284.15;3358.84;48.956;54.150;9222.71
270519;70.11;3762.00;1284.95;3358.84;49.000;54.000;9216.40
280519;70.11;3768.50;1294.30;3358.84;48.960;53.905;9191.80
290519;69.45;3732.00;1297.90;3362.48;48.850;53.860;9080.50
300519;66.87;3745.50;1304.10;3375.29;48.692;53.854;9157.80
310519;64.49;3780.00;1322.60;3357.82;48.506;53.875;9004.20
10619;62.51;3780.00;1334.87;3377.16;48.315;53.914;8905.96
20619;61.25;3776.50;1338.97;3377.16;48.139;53.959;8930.99
30619;61.28;3795.50;1339.30;3377.16;48.000;54.000;9022.80
40619;61.97;3704.50;1340.10;3377.16;47.913;54.027;9117.60
50619;60.63;3709.50;1344.90;3306.37;47.874;54.042;9150.50
60619;61.67;3711.50;1354.00;3296.87;47.871;54.045;9169.20
70619;63.29;3704.50;1357.40;3288.69;47.893;54.040;9236.10
80619;63.36;3704.50;1352.93;3274.72;47.929;54.030;9280.33
90619;62.59;3700.00;1345.38;3274.72;47.968;54.016;9293.71
100619;62.29;3688.00;1340.70;3274.72;48.000;54.000;9294.10
110619;62.29;3692.00;1342.70;3257.06;48.016;53.985;9282.10
120619;59.97;3689.50;1348.20;3249.56;48.018;53.974;9238.50
130619;61.31;3686.00;1355.10;3264.47;48.012;53.965;9247.10
140619;62.01;3669.00;1355.90;3266.72;48.002;53.963;9194.20
150619;61.39;3669.00;1351.96;3270.70;47.994;53.967;9121.45
160619;60.64;3671.50;1349.25;3270.70;47.991;53.979;9085.55
170619;60.94;3684.50;1354.20;3270.70;48.000;54.000;9131.70
180619;62.14;3643.50;1362.10;3286.63;48.023;54.031;9240.70
190619;61.82;3637.50;1360.10;3264.98;48.052;54.064;9231.20
200619;64.45;3604.00;1408.30;3248.91;48.081;54.093;9208.50
210619;65.20;3641.50;1411.20;3202.01;48.098;54.109;9227.20
220619;65.15;3641.50;1411.57;3191.17;48.097;54.104;9236.03
230619;65.04;3647.50;1421.01;3191.17;48.067;54.070;9223.22
240619;64.86;3644.00;1429.50;3191.17;48.000;54.000;9192.50
250619;65.05;3625.00;1430.10;3191.17;47.891;53.889;9159.80
260619;66.49;3622.00;1426.80;3187.15;47.749;53.746;9157.40
270619;66.55;3635.50;1423.40;3177.94;47.587;53.584;9147.80
280619;66.55;3653.00;1425.10;3197.23;47.418;53.416;9198.80
290619;66.98;3653.00;1415.22;3205.67;47.255;53.254;9244.69
300619;66.88;3649.50;1401.73;3205.67;47.112;53.111;9265.28
10719;65.06;3618.50;1400.80;3205.67;47.000;53.000;9264.60
20719;62.40;3622.50;1419.80;3205.67;46.930;52.930;9281.50
30719;63.82;3606.00;1432.90;3211.06;46.897;52.897;9394.40
40719;63.30;3605.00;1423.55;3206.92;46.893;52.892;9401.00
50719;64.23;3605.50;1412.10;3206.92;46.909;52.908;9335.00
60719;64.93;3605.50;1409.25;3217.18;46.938;52.937;9294.89
70719;64.80;3606.00;1411.34;3217.18;46.971;52.970;9284.74
80719;64.11;3608.00;1412.20;3217.18;47.000;53.000;9284.70
90719;64.16;3605.50;1412.80;3207.66;47.019;53.021;9273.90
100719;67.01;3606.00;1424.90;3223.67;47.028;53.031;9252.90
110719;66.52;3600.50;1419.30;3212.91;47.029;53.035;9280.30
120719;66.72;3598.50;1424.80;3197.50;47.024;53.031;9293.20
130719;67.44;3598.50;1430.10;3190.33;47.017;53.023;9283.91
140719;67.61;3599.00;1430.21;3190.33;47.008;53.012;9282.73
150719;66.48;3595.00;1426.10;3190.33;47.000;53.000;9323.60
160719;64.35;3595.00;1423.60;3190.66;46.995;52.988;9377.10
170719;63.66;3585.68;1435.90;3199.72;46.993;52.977;9284.20
180719;61.93;3574.40;1440.80;3189.21;46.992;52.970;9225.70
190719;62.47;3572.15;1439.40;3183.01;46.993;52.967;9170.50
200719;62.93;3572.15;1440.40;3169.51;46.996;52.970;9120.14
210719;62.96;3515.48;1442.00;3169.51;46.998;52.981;9107.03
220719;63.26;3515.48;1439.70;3169.51;47.000;53.000;9163.50
230719;63.83;3554.69;1434.50;3177.76;47.001;53.028;9281.60
240719;63.18;3551.23;1436.50;3188.01;47.002;53.059;9329.70
250719;63.39;3563.35;1427.50;3194.67;47.002;53.086;9289.90
260719;63.46;3564.54;1432.20;3213.09;47.002;53.101;9225.50
270719;63.37;3564.54;1433.44;3233.26;47.001;53.096;9257.08
280719;63.39;3605.17;1431.03;3233.26;47.001;53.065;9300.96
290719;63.71;3603.47;1433.30;3233.26;47.000;53.000;9215.40
300719;64.72;3645.23;1441.80;3262.81;47.000;52.897;8986.60
310719;65.17;3677.67;1437.80;3296.85;47.000;52.762;8971.00
10819;60.50;3642.38;1432.40;3291.79;47.000;52.608;9038.20
20819;61.89;3698.12;1457.50;3329.23;47.000;52.444;8897.60
30819;62.50;3698.12;1475.18;3365.78;47.000;52.281;8815.15
40819;61.15;3755.83;1479.08;3365.78;47.000;52.129;8805.80
50819;59.81;3756.73;1476.50;3365.78;47.000;52.000;8777.20
60819;58.94;3882.48;1484.20;3459.47;47.000;51.902;8699.40
70819;56.23;3838.40;1519.60;3431.28;47.000;51.836;8746.10
80819;57.38;3859.90;1509.50;3431.28;47.000;51.803;8869.00
90819;58.53;3765.61;1508.50;3394.61;46.999;51.803;8757.80
100819;58.01;3765.61;1514.50;3382.71;46.999;51.836;8656.11
110819;57.35;3800.99;1518.64;3382.71;47.000;51.902;8635.12
120819;58.57;3803.04;1517.20;3382.71;47.000;52.000;8676.40
130819;61.30;3845.52;1514.10;3436.26;47.001;52.130;8695.10
140819;59.48;3792.93;1527.80;3407.76;47.001;52.281;8522.70
150819;58.23;3838.40;1531.20;3449.27;47.002;52.445;8519.00
160819;58.64;3859.90;1523.60;3447.76;47.003;52.609;8670.40
170819;59.15;3765.61;1516.03;3441.40;47.002;52.763;8786.30
180819;59.49;3800.99;1511.69;3441.40;47.002;52.897;8812.33
190819;59.74;3803.04;1511.60;3441.40;47.000;53.000;8733.30
200819;60.03;3845.52;1515.70;3441.40;46.997;53.064;8618.30
210819;60.30;3792.93;1515.70;3420.99;46.994;53.094;8701.50
220819;59.92;3840.21;1508.50;3385.28;46.992;53.097;8716.40
230819;59.34;3819.96;1537.60;3376.99;46.990;53.082;8649.50
240819;58.79;3808.68;1547.35;3399.95;46.991;53.055;8617.30
250819;58.49;3815.73;1539.04;3399.95;46.994;53.025;8632.71
260819;58.70;3798.20;1537.20;3399.95;47.000;53.000;8679.20
270819;59.51;3794.56;1551.80;3432.85;47.010;52.985;8728.90
280819;60.49;3745.47;1549.10;3457.89;47.021;52.979;8747.10
290819;61.08;3739.75;1536.90;3477.53;47.031;52.980;8794.30
300819;60.43;3816.11;1529.40;3464.15;47.036;52.985;8812.90
310819;59.87;3666.06;1534.42;3427.29;47.035;52.992;8819.01
10919;59.43;3809.68;1538.05;3427.29;47.023;52.998;8820.62
20919;58.66;3835.82;1535.15;3427.29;47.000;53.000;8815.50
30919;58.26;3850.12;1555.90;3427.29;46.964;52.997;8809.20
40919;60.70;3800.89;1560.40;3438.61;46.922;52.990;8856.60
50919;60.95;3781.20;1525.50;3401.04;46.886;52.982;8992.70
60919;61.54;3780.08;1515.50;3377.39;46.866;52.977;8990.10
70919;62.10;3781.95;1517.23;3361.70;46.871;52.976;8960.76
80919;62.39;3771.95;1517.72;3361.70;46.912;52.983;8962.79
90919;62.59;3751.78;1511.10;3361.70;47.000;53.000;9010.60
100919;62.38;3724.31;1499.20;3368.80;47.139;53.028;9078.20
110919;60.81;3694.31;1503.20;3373.75;47.314;53.061;9059.50
120919;60.38;3639.12;1507.40;3372.48;47.504;53.091;9082.30
130919;60.22;3649.28;1499.50;3359.20;47.688;53.108;9137.90
140919;63.77;3713.80;1499.03;3356.15;47.846;53.104;9147.08
150919;68.30;3715.94;1505.61;3356.15;47.957;53.071;9110.64
160919;69.02;3708.28;1511.50;3356.15;48.000;53.000;9052.00
170919;64.55;3723.40;1513.40;3364.43;47.961;52.887;9004.20
180919;63.60;3718.59;1515.80;3380.92;47.854;52.741;9031.70
190919;64.40;3700.20;1506.20;3377.79;47.699;52.576;9136.00
200919;64.28;3740.81;1515.10;3377.72;47.516;52.406;9179.00
210919;64.66;3719.80;1520.59;3402.32;47.325;52.244;9152.92
220919;65.18;3730.42;1522.57;3402.32;47.146;52.104;9106.89
230919;64.77;3762.81;1531.50;3402.32;47.000;52.000;9093.60
240919;63.10;3750.55;1540.20;3437.78;46.902;51.941;9118.20
250919;62.39;3775.24;1512.30;3438.66;46.849;51.920;9085.30
260919;62.74;3782.09;1515.20;3451.02;46.834;51.926;9129.70
270919;61.91;3757.94;1506.40;3435.71;46.849;51.948;9184.10
280919;61.59;3760.70;1488.57;3462.01;46.887;51.975;9222.28
290919;61.55;3783.25;1474.30;3462.01;46.940;51.996;9243.23
300919;60.78;3721.29;1472.90;3462.01;47.000;52.000;9244.60
11019;58.89;3728.77;1489.00;3477.45;47.060;51.980;9165.90
21019;57.69;3743.90;1507.90;3491.29;47.113;51.945;8912.20
31019;57.71;3829.37;1513.80;3497.34;47.151;51.908;8902.20
41019;58.37;3789.50;1512.90;3467.60;47.166;51.882;8961.80
51019;58.66;3789.50;1510.76;3430.28;47.151;51.880;9035.51
61019;58.56;3789.50;1508.01;3430.28;47.098;51.915;9082.69
71019;58.35;3770.50;1504.40;3430.28;47.000;52.000;9044.10
81019;58.24;3791.50;1503.90;3445.76;46.854;52.142;8940.10
91019;58.32;3790.70;1512.80;3452.57;46.675;52.324;8991.90
101019;59.10;3822.50;1500.90;3454.56;46.484;52.522;9104.40
111019;60.51;3818.20;1488.70;3458.42;46.300;52.712;9273.80
121019;60.91;3818.20;1491.92;3431.46;46.145;52.871;9304.13
131019;60.34;3818.20;1500.17;3431.46;46.038;52.975;9249.05
141019;59.35;3782.80;1497.60;3431.46;46.000;53.000;9246.50
151019;58.74;3777.60;1483.50;3431.46;46.044;52.932;9356.10
161019;59.42;3806.50;1494.00;3451.33;46.155;52.790;9386.70
171019;59.91;3842.30;1498.30;3459.55;46.314;52.605;9340.00
181019;59.42;3841.70;1494.10;3465.35;46.499;52.404;9329.80
191019;58.94;3841.70;1491.03;3428.63;46.689;52.217;9357.89
201019;58.78;3841.70;1489.63;3428.63;46.863;52.072;9392.64
211019;58.96;3824.80;1488.10;3428.63;47.000;52.000;9402.30
221019;59.70;3843.60;1487.50;3442.78;47.085;52.020;9380.20
231019;61.17;3810.90;1495.70;3430.30;47.124;52.118;9385.00
241019;61.67;3774.20;1504.70;3409.29;47.126;52.272;9391.80
251019;62.02;3785.40;1505.30;3387.72;47.104;52.460;9430.20
261019;61.97;3785.40;1503.45;3395.25;47.069;52.658;9448.90
271019;61.68;3785.40;1500.56;3395.25;47.030;52.846;9444.30
281019;61.57;3768.40;1495.80;3395.25;47.000;53.000;9433.00
291019;61.59;3748.10;1490.70;3382.19;46.986;53.103;9400.10
301019;60.61;3752.10;1496.70;3380.90;46.986;53.158;9284.50
311019;60.23;3780.80;1514.80;3389.94;46.994;53.173;9257.50
11119;61.69;3770.60;1511.40;3383.29;47.005;53.157;9328.00
21119;62.16;3770.60;1516.30;3339.19;47.013;53.117;9384.79
31119;61.87;3770.60;1523.23;3339.19;47.014;53.062;9410.32
41119;62.13;3708.40;1511.10;3339.19;47.000;53.000;9416.40
51119;62.96;3693.60;1483.70;3339.19;46.970;52.939;9407.90
61119;61.74;3669.30;1493.10;3318.47;46.932;52.886;9398.40
71119;62.29;3699.10;1466.40;3319.64;46.897;52.848;9447.30
81119;62.51;3660.50;1462.90;3327.02;46.875;52.834;9393.70
91119;62.46;3660.50;1462.91;3341.01;46.878;52.849;9376.90
101119;62.37;3660.50;1459.27;3341.01;46.916;52.902;9396.47
111119;62.18;3681.70;1457.10;3341.01;47.000;53.000;9388.50
121119;62.06;3678.80;1460.60;3341.01;47.136;53.145;9306.70
131119;62.37;3754.00;1470.20;3384.21;47.309;53.323;9194.50
141119;62.28;3767.80;1480.20;3441.89;47.497;53.513;9173.30
151119;63.30;3810.50;1475.40;3452.67;47.681;53.695;9261.40
161119;64.01;3810.50;1472.88;3421.26;47.840;53.850;9296.80
171119;63.77;3810.50;1475.25;3421.26;47.953;53.959;9278.18
181119;62.44;3790.50;1478.80;3421.26;48.000;54.000;9258.00
191119;60.91;3814.00;1481.20;3447.74;47.966;53.961;9259.20
201119;62.40;3803.60;1481.00;3434.49;47.865;53.855;9225.40
211119;63.97;3818.70;1470.50;3445.95;47.714;53.702;9214.00
221119;63.39;3785.20;1470.50;3440.66;47.533;53.520;9254.70
231119;62.90;3785.20;1468.41;3410.77;47.341;53.329;9293.13
241119;63.04;3776.46;1464.11;3410.77;47.157;53.150;9314.61
251119;63.65;3773.80;1463.80;3410.77;47.000;53.000;9319.90
261119;64.27;3785.80;1467.40;3433.94;46.885;52.896;9324.80
271119;64.06;3827.70;1460.80;3469.01;46.813;52.836;9362.70
281119;63.87;3856.90;1462.25;3502.92;46.781;52.814;9359.00
291119;62.43;3862.60;1472.70;3502.92;46.786;52.825;9352.00
301119;61.55;3862.60;1471.46;3522.48;46.827;52.864;9310.64
11219;61.28;3862.60;1465.26;3522.48;46.899;52.924;9238.54
21219;60.92;3872.70;1469.20;3522.48;47.000;53.000;9156.30
31219;60.82;3885.90;1484.40;3508.39;47.127;53.088;9135.70
41219;63.00;3878.40;1480.20;3506.67;47.272;53.189;9270.80
51219;63.39;3849.00;1483.10;3478.57;47.428;53.307;9243.40
61219;64.39;3837.10;1465.10;3459.97;47.586;53.444;9382.70
71219;64.74;3837.10;1456.19;3430.31;47.740;53.603;9456.95
81219;64.45;3837.10;1459.38;3430.31;47.880;53.787;9425.69
91219;64.25;3792.00;1464.90;3430.31;48.000;54.000;9354.60
101219;64.34;3788.30;1468.10;3418.48;48.092;54.239;9321.10
111219;63.72;3775.00;1475.00;3418.61;48.155;54.486;9392.50
121219;64.20;3757.30;1472.30;3387.73;48.188;54.716;9468.50
131219;65.22;3769.50;1481.20;3372.23;48.189;54.906;9563.70
141219;65.42;3769.50;1485.19;3374.29;48.159;55.033;9650.73
151219;65.19;3769.50;1482.90;3374.29;48.096;55.072;9698.41
161219;65.34;3773.60;1480.50;3374.29;48.000;55.000;9680.60
171219;66.10;3743.50;1480.60;3364.24;47.871;54.804;9615.90
181219;66.17;3719.20;1478.70;3347.86;47.720;54.512;9621.80
191219;66.54;3703.00;1484.40;3329.98;47.556;54.164;9617.20
201219;66.14;3679.90;1480.90;3322.38;47.391;53.800;9675.50
211219;65.80;3679.90;1476.34;3325.47;47.236;53.458;9698.18
221219;65.88;3679.90;1477.56;3325.47;47.102;53.178;9680.57
231219;66.39;3692.70;1488.70;3325.47;47.000;53.000;9659.60
241219;67.20;3667.10;1504.80;3316.92;46.938;52.951;9661.80
251219;67.71;3657.96;1504.05;3305.84;46.911;53.014;9675.24
261219;67.92;3649.75;1514.40;3305.84;46.910;53.160;9690.30
271219;68.16;3666.70;1518.10;3281.40;46.927;53.360;9700.50
281219;68.90;3666.70;1517.14;3294.05;46.953;53.586;9698.47
291219;69.37;3666.70;1516.32;3294.05;46.980;53.809;9673.16
301219;68.44;3605.32;1518.60;3294.05;47.000;54.000;9612.60
311219;66.00;3677.74;1523.10;3277.14;47.006;54.136;9549.20
10120;65.08;3680.16;1520.95;3277.14;47.002;54.217;9617.06
20120;66.25;3680.16;1528.10;3277.14;46.992;54.249;9691.20
30120;68.60;3633.79;1552.40;3258.84;46.981;54.238;9646.60
40120;69.55;3633.79;1564.61;3262.05;46.976;54.188;9614.02
50120;69.30;3627.74;1566.09;3262.05;46.980;54.107;9609.37
60120;68.91;3635.34;1568.80;3262.05;47.000;54.000;9600.90
70120;68.27;3633.13;1574.30;3262.05;47.040;53.872;9579.80
80120;65.44;3652.34;1560.20;3264.26;47.106;53.730;9591.40
90120;65.37;3600.96;1554.30;3254.42;47.202;53.579;9581.80
100120;64.98;3616.83;1560.10;3253.89;47.335;53.424;9573.60
110120;64.73;3616.83;1563.12;3272.62;47.509;53.273;9573.60
120120;64.85;3633.63;1560.15;3272.62;47.729;53.129;9573.60
130120;65.08;3633.63;1551.55;3272.62;48.000;53.000;9573.60
